---
layout: post
title: MySQL DDL语法.md
categories: [MySQL]
description: 
keywords: MySQL DDL语法.md
mermaid: false
sequence: false
flow: false
mathjax: false
mindmap: false
mindmap2: false
---
# MySQL DDL语法

## 查看表结构

### 以表格形式展示表结构

DESCRIBE/DESC 语句会以表格的形式来展示表的字段信息，包括字段名、字段数据类型、是否为主键、是否有默认值等，语法格式如下：

```sql
mysql> DESCRIBE class;
+-------+--------------+------+-----+---------+----------------+
| Field | Type         | Null | Key | Default | Extra          |
+-------+--------------+------+-----+---------+----------------+
| id    | int          | NO   | PRI | NULL    | auto_increment |
| name  | varchar(255) | NO   |     | NULL    |                |
+-------+--------------+------+-----+---------+----------------+
2 rows in set (0.01 sec)
```



```sql
mysql> DESC class;
+-------+--------------+------+-----+---------+----------------+
| Field | Type         | Null | Key | Default | Extra          |
+-------+--------------+------+-----+---------+----------------+
| id    | int          | NO   | PRI | NULL    | auto_increment |
| name  | varchar(255) | NO   |     | NULL    |                |
+-------+--------------+------+-----+---------+----------------+
2 rows in set (0.01 sec)
```



其中，各个字段的含义如下：

- Field：表示该列的名称；
- Type：表示该列的类型；
- Null：表示该列是否可以存储 NULL 值。
- Key：表示该列是否已编制索引。PRI 表示该列是表主键的一部分，UNI 表示该列是 UNIQUE 索引的一部分，MUL 表示在列中某个给定值允许出现多次。
- Default：表示该列是否有默认值，如果有，值是多少。
- Extra：表示可以获取的与给定列有关的附加信息，如 AUTO_INCREMENT 等。



### 以SQL形式展示表结构

SHOW CREATE TABLE 命令会以 SQL 语句的形式来展示表信息。和 DESCRIBE 相比，SHOW CREATE TABLE 展示的内容更加丰富，它可以查看表的存储引擎和字符编码；另外还可以通过`\g`或者`\G`参数来控制展示格式，SHOW CREATE TABLE 使用`\g`结尾的 SQL 语句执行结果等同于不以`\g`结尾的语句。

使用 SHOW CREATE TABLE 语句查看表 class 的详细信息：

```sql
mysql> show create table student\G;
*************************** 1. row ***************************
       Table: student
Create Table: CREATE TABLE `student` (
  `id` int NOT NULL AUTO_INCREMENT,
  `age` int NOT NULL,
  `class` int NOT NULL,
  `name` varchar(255) NOT NULL,
  `address` varchar(255) NOT NULL,
  `city` varchar(255) DEFAULT NULL,
  PRIMARY KEY (`id`),
  UNIQUE KEY `uk_name` (`name`),
  KEY `key_address_city` (`address`,`city`)
) ENGINE=InnoDB AUTO_INCREMENT=11 DEFAULT CHARSET=utf8mb4 COLLATE=utf8mb4_0900_ai_ci
1 row in set (0.01 sec)
```



SHOW CREATE TABLE 使用`\G`结尾的 SQL 语句和运行结果如下：

```sql
mysql> SHOW CREATE TABLE class\G;
*************************** 1. row ***************************
       Table: class
Create Table: CREATE TABLE `class` (
  `id` int NOT NULL AUTO_INCREMENT,
  `name` varchar(255) NOT NULL,
  PRIMARY KEY (`id`)
) ENGINE=InnoDB DEFAULT CHARSET=utf8mb4 COLLATE=utf8mb4_0900_ai_ci
1 row in set (0.00 sec)
```

## DDL

### 概念

**DDL**（Data Definition Language）数据库定义语言

> statements are used to define the database structure or schema.



用于定义数据库的三级结构，包括外模式、概念模式、内模式及其相互之间的映像，定义数据的完整性、安全控制等约束。DDL不需要commit。



### 语法

#### 索引相关

##### 查询索引

```sql
mysql> show index from student\G;
*************************** 1. row ***************************
        Table: student
   Non_unique: 0
     Key_name: PRIMARY
 Seq_in_index: 1
  Column_name: id
    Collation: A
  Cardinality: 10
     Sub_part: NULL
       Packed: NULL
         Null: 
   Index_type: BTREE
      Comment: 
Index_comment: 
      Visible: YES
   Expression: NULL
```



##### 添加索引

```sql
# 添加普通索引
ALTER TABLE `it_blog` ADD KEY `idx_user`(`user_id`);
alter table table1 add index ind_id (id);
CREATE INDEX `idx_user` ON `it_blog`(`user_id`);
# 添加联合索引
ALTER TABLE `it_blog` ADD KEY `idx_user_classiyf`(`user_id`, `classify_id`);
CREATE INDEX `idx_user_classiyf` ON `it_blog`(`user_id`, `classify_id`);
# 添加唯一索引
ALTER TABLE `it_blog` ADD UNIQUE KEY `uk_url`(`url`);
CREATE UNIQUE INDEX `uk_url` ON `it_blog`(`url`);
# 添加主键索引
ALTER TABLE `it_blog` ADD PRIMARY KEY `temp`(`id`);
# 移除主键并设置新的主键
ALTER TABLE `it_blog` DROP PRIMARY KEY, ADD PRIMARY KEY `it_blog`(`id`) USING BTREE;
# 添加FULLTEXT(全文索引)
ALTER TABLE `table_name` ADD FULLTEXT (`column`) 
```



##### 删除索引

```sql
# 删除索引
ALTER TABLE `it_blog` DROP INDEX `uk_url`;
# 删除索引
DROP INDEX `idx_user` ON `it_blog`;
# 删除主键索引
ALTER TABLE `it_blog` DROP PRIMARY KEY;
```



如果单纯移除自增主键而不设置新的主键时，会执行失败。因为表中只能有一列自增列并且改自增列必须要是主键。此时会返回如下结果：

```
ALTER TABLE `it_blog` DROP PRIMARY KEY
> 1075 - Incorrect table definition; there can be only one auto column and it must be defined as a key
> 时间: 0.031s
```



#### CREATE

```sql
# 创建临时表
create temporary table zengchao(name varchar(10));
# 创建表是先判断表是否存在
create table if not exists students(……);
# 从已经有的表中复制表的结构
create table table2 select * from table1 where 1<>1;
# 复制表
create table table2 select * from table1;
```



##### 存储引擎

```sql
# innodb引擎
CREATE TABLE TESTIdentity(
ID int,
key(id))engine=INNODB auto_increment=100;
```



##### 默认约束

```sql
# id字段默认值为12
CREATE TABLE emp
(
 id INT DEFAULT 12
)
```



##### 自增列

无论innodb引擎还是MYISAM引擎的表中，只能有一个自增列，并且自增列一定是索引列，无论是二级索引还是主键索引MySQL字符串函数



```sql
# 设置自增ID并从100开始
CREATE TABLE emp (
ID INT  PRIMARY KEY AUTO_INCREMENT
) AUTO_INCREMENT = 100;
```



###### MyISAM和INNODB的区别

两种类型的存储引擎所存储的最大ID记录的方式不同，MyISAM表将最大的ID记录到了数据文件里，重启mysql自增主键的最大ID值也不会丢失；而InnoDB则是把最大的ID值记录到了内存中，所以重启mysql或者对表进行了OPTIMIZE操作后，最大ID值将会丢失。

所以如果最大自增ID值被删除后重启MySQL，此时MySIAM会在删除前的最大ID的基础上进行自增，而INNODB会在当前表中的最大ID的基础上进行自增。



###### 获取自增值方法

(1) SELECT MAX(id) FROM person  针对特定表

(2) SELECT LAST_INSERT_ID()  函数  针对任何表

(3) SELECT @@identity   针对任何表

@@identity 是表示的是最近一次向具有identity属性(即自增列)的表插入数据时对应的自增列的值，是系统定义的全局变量。一般系统定义的全局变量都是以@@开头，用户自定义变量以@开头。使用@@identity的前提是在进行insert操作后，执行select @@identity的时候连接没有关闭，否则得到的将是NULL值。

(4)  SHOW TABLE STATUS LIKE 'person'

如果针对特定表，建议使用这一种方法得出的结果里边对应表名记录中有个Auto_increment字段，里边有下一个自增ID的数值就是当前该表的最大自增ID.



#### ALTER

##### 表相关

```sql
# 对表重新命名
alter table table1 rename as table2;
alter table t1 rename t2;
```



##### 表字段相关

```sql
# 增加一个字段
alter table tabelName add column fieldName dateType;
# 增加多个字段
alter table tabelName add column fieldName1 dateType, add columns fieldName2 dateType;
# 修改列id的类型为int unsigned
alter table table1 modify id int unsigned;
# 修改列id的名字为sid，而且把属性修改为int unsigned
alter table table1 change id sid int unsigned;
# 如果修改字段名前后一致，则可以通过CHANGE实现只修改字段类型的效果
ALTER TABLE emp2 CHANGE id id BIGINT
# 删除字段
alter table student drop column teacher_id;
```



##### 外键相关

```sql
# 删除外键约束
ALTER TABLE emp2 DROP FOREIGN KEY fk_emp_dept
# 删除主键约束
ALTER TABLE emp2 DROP PRIMARY KEY pk_emp_dept
```



#### DROP

```sql
# 删除表
DROP TABLE emp2
# 删除多个表或者删除之前要先判断一下
DROP TABLE IF EXISTS emp1 ,emp2
```



#### TRUNCATE

删除表中所有数据。

```sql
TRUNCATE TABLE person
```



#### COMMENT



#### RENAME



#### SHOW

```sql
# 列出数据库。
SHOW DATABASES;
# 查询表状态信息。
SHOW TABLE STATUS LIKE 'person'
# 列出所有数据表。
SHOW TABLES;
# 查看表结构
SHOW CREATE TABLE `it_blog`;
```



#### USE

```sql
# 选择数据库
USE DATABASES;
```



#### DESCRIBE

```sql
# 表的详细描述
DESCRIBE tablename; 
# DESCRIBE 可以简写为 DESC
DESC tablename
sql
```